user,type,organisation,name,email,address,code,phone,bp,vat,active,id
1,2,1,SUNDRY CREDITOR,,,,,,,1,3
1,1,1,VULCAN DRILLING,info@vulcandrilling.co.zw,9 WHEELER AVE HARARE,,+26324277882,,,1,4
1,1,1,CONSOLIDATED WATER INDUSTRIES,info@cwilimited.net,15 DAUGLOUS RD LYTTON,,+263772440973,,,1,5
1,1,1,ALMOSCORE INTERNATIONAL LTD,info@almoscore.com,"NELSON MANDELA SQUARE 5TH ST, SANDOWN, SANDTON, 2031, SOUTH AFRICA",,+27630788475,,,1,6
1,1,1,PRECICORN PVT LTD,info@precicorn.com,"NELSON MANDELA SQUARE 5TH ST, SANDOWN, SANDTON, 2031, SOUTH AFRICA",,+263 771666992,,,1,7
1,1,1,INTERNATIONAL FREIGHT SERVICES,info@ifsgroup.co.zw,"NELSON MANDELA SQUARE 5TH ST, SANDOWN, SANDTON, 2031, SOUTH AFRICA",,+263242747665,,,1,8
1,1,1,OPHIR AFRICA,info@ophirafrica.com,"17 HILLSIDE ROAD, HILLSIDE HARARE",,+263242755509,,,1,9
1,1,1,AWESOME RADIATORS,sales@awesomeradiators.com,"98 WILLOWVALE ROAD, WILLOWVALE",,+263242755509,,,1,10
1,1,1,EMMANUEL JUNIOR AND SENIOR SCHOOL,sales@awesomeradiators.com,NO. 3 GLEN VIEW 1 EXTENSION HARARE,,"0783 953 037, 0778 172 049",,,1,11
1,1,1,FORCE ONE SECURITY,info@forceoneprotection.co.zw,NO. 3 GLEN VIEW 1 EXTENSION HARARE,,+263 716 753330,,,1,12
1,1,1,DFIG ZIM,info@dfigzim.com,NO. 3 GLEN VIEW 1 EXTENSION HARARE,,+263 716 753330,,,1,13
1,1,1,SIDON HUMAN CAPITAL,info@sidon.co.zw,"OFFICE 619, 6TH FLOOR BATANAI GARDENS, CNR FIRST STREET AND JASON MOYO AVE HARARE",,"+26381500772, +263772903257, +263714019866,+263787984794",,,1,14
