Lorraine Shata,2023-03-14,08:00:00,16:00:00,AUD032,Acconts receivable payable,ASPECT MINING (PRIVATE) LIMITED
Lorraine Shata,2023-03-15,08:00:00,16:00:00,AUD057,Staff loans related parties,ASPECT MINING (PRIVATE) LIMITED
Lorraine Shata,2023-03-16,08:00:00,16:00:00,AUD057,Loans,ASPECT MINING (PRIVATE) LIMITED
Kenneth Gota,2023-01-03,08:00:00,17:00:00,OFF007,Study leave,
Kenneth Gota,2023-01-04,08:00:00,17:00:00,OFF007,Study leave,
Kenneth Gota,2023-01-05,08:00:00,17:00:00,OFF007,Study leave,
Kenneth Gota,2023-01-06,08:00:00,17:00:00,OFF007,Study leave,
Kenneth Gota,2023-01-07,08:00:00,17:00:00,OFF007,Study leave,
Kenneth Gota,2023-01-08,08:00:00,17:00:00,OFF007,Study leave,
Kenneth Gota,2023-01-09,08:00:00,17:00:00,OFF007,Study leave,
Kenneth Gota,2023-01-10,08:00:00,17:00:00,OFF007,Study leave,
Kenneth Gota,2023-01-11,08:00:00,17:00:00,OFF007,Study leave,
Kenneth Gota,2023-01-12,08:00:00,17:00:00,OFF007,Study leave,
Kenneth Gota,2023-01-13,08:00:00,17:00:00,OFF007,Study leave,
Kenneth Gota,2023-01-16,08:00:00,00:00:00,AUD001,meeting with client,Sanctuary
Kenneth Gota,2023-01-16,08:00:00,17:00:00,AUD001,Audit planning,Sanctuary
Kenneth Gota,2023-01-17,08:00:00,00:00:00,AUD001,Audit planning,Sanctuary
Kenneth Gota,2023-01-17,08:00:00,17:00:00,AUD001,Audit planning,Sanctuary
Kenneth Gota,2023-01-18,08:00:00,00:00:00,AUD001,Client understanding,Sanctuary
Kenneth Gota,2023-01-18,08:00:00,17:00:00,AUD001,Client understanding,Sanctuary
Kenneth Gota,2023-01-19,08:00:00,17:00:00,OFF007,Study leave,
Kenneth Gota,2023-01-19,08:00:00,17:00:00,OFF007,Study leave,
Kenneth Gota,2023-01-20,08:00:00,00:00:00,AUD038,Bank confirmations,Sanctuary
Kenneth Gota,2023-01-20,08:00:00,17:00:00,AUD001,Fraud checklist,Sanctuary
Kenneth Gota,2023-01-23,08:00:00,00:00:00,AUD055,Confirmations,Sanctuary
Kenneth Gota,2023-01-23,08:00:00,17:00:00,AUD038,Bank confirmations,Sanctuary
Kenneth Gota,2023-01-24,08:00:00,00:00:00,AUD055,Confirmations,Sanctuary
Kenneth Gota,2023-01-24,08:00:00,17:00:00,AUD009,Adminstartion expenditure,Sanctuary
Kenneth Gota,2023-01-25,08:00:00,17:00:00,AUD009,Adminstartion expenditure,Sanctuary
Kenneth Gota,2023-01-25,08:00:00,17:00:00,AUD009,Adminstartion expenditure,Sanctuary
Kenneth Gota,2023-01-26,08:00:00,17:00:00,AUD009,Adminstartion expenditure,Sanctuary
Kenneth Gota,2023-01-26,08:00:00,17:00:00,AUD009,Adminstartion expenditure,Sanctuary
Kenneth Gota,2023-01-27,08:00:00,17:00:00,AUD009,Adminstartion expenditure,Sanctuary
Kenneth Gota,2023-01-30,08:00:00,17:00:00,AUD032,Trade Receivables,Sanctuary
Kenneth Gota,2023-01-30,08:00:00,17:00:00,AUD034,staff debtors,Sanctuary
Kenneth Gota,2023-02-01,08:00:00,17:00:00,AUD035,Other debtors,Sanctuary
Kenneth Gota,2023-02-01,08:00:00,17:00:00,AUD039,Cash reconciliation and cash certificate,Sanctuary
Kenneth Gota,2023-02-02,08:00:00,17:00:00,AUD024,physical verification of assets,Sanctuary
Kenneth Gota,2023-02-02,08:00:00,17:00:00,AUD034,staff debtors,Sanctuary
Kenneth Gota,1900-01-03,08:00:00,17:00:00,AUD039,Cash reconciliation and cash certificate,Sanctuary
Kenneth Gota,2023-02-03,08:00:00,17:00:00,AUD034,staff debtors,Sanctuary
Kenneth Gota,2023-02-04,08:00:00,17:00:00,AUD024,physical verification of assets,Sanctuary
Kenneth Gota,2023-02-04,08:00:00,17:00:00,AUD035,Other debtors,Sanctuary
Kenneth Gota,2023-02-06,08:00:00,17:00:00,AUD025,Additions of equipment,Sanctuary
Kenneth Gota,2023-02-06,08:00:00,17:00:00,AUD027,Depreciation recomputation and assesment,Sanctuary
Kenneth Gota,2023-02-07,08:00:00,17:00:00,AUD034,staff debtors,Sanctuary
Kenneth Gota,2023-02-07,08:00:00,17:00:00,AUD024,physical verification of assets,Sanctuary
Kenneth Gota,2023-02-08,08:00:00,17:00:00,AUD024,physical verification of assets,Sanctuary
Kenneth Gota,2023-02-08,08:00:00,17:00:00,AUD035,Other debtors,Sanctuary
Kenneth Gota,2023-02-09,08:00:00,17:00:00,AUD025,Additions of equipment,Sanctuary
Kenneth Gota,2023-02-09,08:00:00,17:00:00,AUD009,Adminstartion expenditure,Sanctuary
Kenneth Gota,2023-02-10,08:00:00,17:00:00,AUD032,Trade Receivables,Sanctuary
Kenneth Gota,2023-02-10,08:00:00,17:00:00,AUD034,staff debtors,Sanctuary
Kenneth Gota,2023-02-13,08:00:00,17:00:00,AUD001,Audit planning,Unified councils pension fund
Kenneth Gota,2023-02-13,08:00:00,17:00:00,AUD001,Client understanding,Unified councils pension fund
Kenneth Gota,2023-02-14,08:00:00,17:00:00,AUD009,Adminstartion expenditure,Unified councils pension fund
Kenneth Gota,2023-02-14,08:00:00,17:00:00,AUD009,Adminstartion expenditure,Unified councils pension fund
Kenneth Gota,2023-02-15,08:00:00,17:00:00,AUD009,Adminstartion expenditure,Unified councils pension fund
Kenneth Gota,2023-02-15,08:00:00,17:00:00,AUD039,Cash reconciliation and cash certificate,Unified councils pension fund
Kenneth Gota,2023-02-16,08:00:00,17:00:00,AUD055,Confirmations,Unified councils pension fund
Kenneth Gota,2023-02-16,08:00:00,17:00:00,AUD038,Bank confirmations,Unified councils pension fund
Kenneth Gota,2023-02-17,08:00:00,17:00:00,AUD055,Confirmations,Unified councils pension fund
Kenneth Gota,2023-02-17,08:00:00,17:00:00,AUD025,Additions of equipment,Unified councils pension fund
Kenneth Gota,2023-02-20,08:00:00,17:00:00,AUD027,Depreciation recomputation and assesment,Unified councils pension fund
Kenneth Gota,2023-02-20,08:00:00,17:00:00,AUD009,Adminstartion expenditure,Unified councils pension fund
Kenneth Gota,2023-02-21,08:00:00,17:00:00,AUD009,Adminstartion expenditure,Unified councils pension fund
Kenneth Gota,2023-02-21,08:00:00,17:00:00,AUD009,Adminstartion expenditure,Unified councils pension fund
Kenneth Gota,2023-02-22,08:00:00,17:00:00,AUD024,physical verification of assets,Unified councils pension fund
Kenneth Gota,2023-02-22,08:00:00,17:00:00,AUD025,physical verification of assets,Unified councils pension fund
Kenneth Gota,2023-02-23,08:00:00,17:00:00,AUD026,physical verification of assets,Unified councils pension fund
Kenneth Gota,2023-02-23,08:00:00,17:00:00,AUD027,physical verification of assets,Unified councils pension fund
Kenneth Gota,2023-02-24,08:00:00,17:00:00,AUD028,physical verification of assets,Unified councils pension fund
Kenneth Gota,2023-02-24,08:00:00,17:00:00,AUD029,physical verification of assets,Unified councils pension fund
Kenneth Gota,2023-02-27,08:00:00,17:00:00,AUD001,Audit planning,Cleanlily Cleaners
Kenneth Gota,2023-02-27,08:00:00,17:00:00,AUD001,Client understanding,Cleanlily Cleaners
Kenneth Gota,2023-02-28,08:00:00,17:00:00,AUD010,Test of controls,Cleanlily Cleaners
Kenneth Gota,2023-02-28,08:00:00,17:00:00,AUD011,Payroll expenditure,Cleanlily Cleaners
Kenneth Gota,2023-03-01,08:00:00,17:00:00,AUD012,Payroll expenditure,Cleanlily Cleaners
Kenneth Gota,2023-03-01,08:00:00,17:00:00,AUD004,Audit memorandum,Cleanlily Cleaners
Kenneth Gota,2023-03-02,08:00:00,17:00:00,AUD042,Acruals,Cleanlily Cleaners
Kenneth Gota,2023-03-02,08:00:00,17:00:00,AUD009,Adminstartion expenditure,Cleanlily Cleaners
Kenneth Gota,2023-03-03,08:00:00,17:00:00,AUD009,Adminstartion expenditure,Cleanlily Cleaners
Kenneth Gota,2023-03-03,08:00:00,17:00:00,AUD009,Adminstartion expenditure,Cleanlily Cleaners
Kenneth Gota,2023-03-04,08:00:00,17:00:00,AUD044,Acruals search,Cleanlily Cleaners
Kenneth Gota,2023-03-04,08:00:00,17:00:00,AUD041,Trade payables,Cleanlily Cleaners
Kenneth Gota,2023-03-06,08:00:00,17:00:00,AUD014,Compliance with laws and regulatiuons,Cleanlily Cleaners
Kenneth Gota,2023-03-06,08:00:00,17:00:00,AUD014,Compliance with laws and regulatiuons,Cleanlily Cleaners
Kenneth Gota,2023-03-07,08:00:00,17:00:00,AUD014,Compliance with laws and regulatiuons,Cleanlily Cleaners
Kenneth Gota,2023-03-07,08:00:00,17:00:00,AUD009,Adminstartion expenditure,Cleanlily Cleaners
Kenneth Gota,2023-03-08,08:00:00,17:00:00,AUD009,Adminstartion expenditure,Cleanlily Cleaners
Kenneth Gota,2023-03-08,08:00:00,17:00:00,AUD009,Adminstartion expenditure,Cleanlily Cleaners
Kenneth Gota,2023-03-09,08:00:00,17:00:00,AUD011,Payroll expenditure,Cleanlily Cleaners
Kenneth Gota,2023-03-09,08:00:00,17:00:00,AUD012,Payroll expenditure,Cleanlily Cleaners
Munashe Mupfunde,2023-02-27,08:00:00,17:00:00,AUD004,Client understanding,Arundel School Trust
Munashe Mupfunde,2023-02-28,08:00:00,17:00:00,AUD004,Client understanding,Arundel School Trust
Munashe Mupfunde,2023-03-01,08:00:00,09:00:00,AUD037,Client understanding,Arundel School Trust
Munashe Mupfunde,2023-03-01,09:00:00,10:00:00,AUD037,Bank reconciliation tests,Arundel School Trust
Munashe Mupfunde,2023-03-01,10:00:00,11:00:00,AUD037,Bank reconciliation tests,Arundel School Trust
Munashe Mupfunde,2023-03-01,11:00:00,12:00:00,AUD037,Bank reconciliation tests,Arundel School Trust
Munashe Mupfunde,2023-03-01,12:00:00,13:00:00,AUD005,Business flow charts,Arundel School Trust
Munashe Mupfunde,2023-03-01,13:00:00,14:00:00,AUD005,Business flow charts,Arundel School Trust
Munashe Mupfunde,2023-03-01,14:00:00,15:00:00,OFF005,Lunch,Arundel School Trust
Munashe Mupfunde,2023-03-01,15:00:00,16:00:00,AUD005,Business flow charts,Arundel School Trust
Munashe Mupfunde,2023-03-01,16:00:00,17:00:00,AUD005,Business flow charts,Arundel School Trust
Munashe Mupfunde,2023-03-02,08:00:00,09:00:00,AUD010,Petty cash test of controls,Arundel School Trust
Munashe Mupfunde,2023-03-02,09:00:00,10:00:00,AUD005,Policy reviews,Arundel School Trust
Munashe Mupfunde,2023-03-02,10:00:00,11:00:00,AUD005,Policy reviews,Arundel School Trust
Munashe Mupfunde,2023-03-02,11:00:00,12:00:00,AUD005,Policy reviews,Arundel School Trust
Munashe Mupfunde,2023-03-02,12:00:00,13:00:00,AUD005,Policy reviews,Arundel School Trust
Munashe Mupfunde,2023-03-02,13:00:00,14:00:00,OFF005,Lunch,Arundel School Trust
Munashe Mupfunde,2023-03-02,14:00:00,15:00:00,AUD037,Bank lead sheet,Arundel School Trust
Munashe Mupfunde,2023-03-02,15:00:00,16:00:00,AUD037,Bank lead sheet,Arundel School Trust
Munashe Mupfunde,2023-03-02,16:00:00,17:00:00,AUD037,Bank lead sheet,Arundel School Trust
Munashe Mupfunde,2023-03-03,08:00:00,09:00:00,AUD010,Petty cash process cycle,Arundel School Trust
Munashe Mupfunde,2023-03-03,09:00:00,10:00:00,AUD010,Petty cash process cycle,Arundel School Trust
Munashe Mupfunde,2023-03-03,10:00:00,11:00:00,AUD005,Business flow charts,Arundel School Trust
Munashe Mupfunde,2023-03-03,11:00:00,12:00:00,AUD005,Business flow charts,Arundel School Trust
Munashe Mupfunde,2023-03-03,12:00:00,13:00:00,AUD005,Business flow charts,Arundel School Trust
Munashe Mupfunde,2023-03-03,13:00:00,14:00:00,OFF005,Lunch,Arundel School Trust
Munashe Mupfunde,2023-03-03,14:00:00,15:00:00,OFF005,Training,Crowe Chartered Accountantants Zimbabwe
Munashe Mupfunde,2023-03-03,15:00:00,16:00:00,OFF005,Training,Crowe Chartered Accountantants Zimbabwe
Munashe Mupfunde,2023-03-03,16:00:00,17:00:00,OFF005,Training,Crowe Chartered Accountantants Zimbabwe
Munashe Mupfunde,2023-03-06,08:00:00,09:00:00,AUD024, Asset Verification ,Arundel School Trust
Munashe Mupfunde,2023-03-06,09:00:00,10:00:00,AUD024, Asset Verification ,Arundel School Trust
Munashe Mupfunde,2023-03-06,10:00:00,11:00:00,AUD024, Asset Verification ,Arundel School Trust
Munashe Mupfunde,2023-03-06,11:00:00,12:00:00,AUD001,Meeting with partner,Arundel School Trust
Munashe Mupfunde,2023-03-06,12:00:00,13:00:00,AUD001,Meeting with partner,Arundel School Trust
Munashe Mupfunde,2023-03-06,13:00:00,14:00:00,OFF005,Lunch,Arundel School Trust
Munashe Mupfunde,2023-03-06,14:00:00,15:00:00,AUD001,Team meeting,Arundel School Trust
Munashe Mupfunde,2023-03-06,15:00:00,16:00:00,AUD001,Team meeting,Arundel School Trust
Munashe Mupfunde,2023-03-06,16:00:00,17:00:00,AUD001,Meeting with client,Arundel School Trust
Munashe Mupfunde,2023-03-07,08:00:00,09:00:00,AUD010,Asset purchase test of controls,Arundel School Trust
Munashe Mupfunde,2023-03-07,09:00:00,10:00:00,AUD010,Asset purchase test of controls,Arundel School Trust
Munashe Mupfunde,2023-03-07,10:00:00,11:00:00,AUD001,Team meeting,Arundel School Trust
Munashe Mupfunde,2023-03-07,11:00:00,12:00:00,AUD001,Team meeting,Arundel School Trust
Munashe Mupfunde,2023-03-07,12:00:00,13:00:00,AUD001,Meeting with client,Arundel School Trust
Munashe Mupfunde,2023-03-07,13:00:00,14:00:00,OFF005,Lunch,Arundel School Trust
Munashe Mupfunde,2023-03-07,14:00:00,15:00:00,AUD001,Meeting with client,Arundel School Trust
Munashe Mupfunde,2023-03-07,15:00:00,16:00:00,AUD010,Inventory purchasing tests of control,Arundel School Trust
Munashe Mupfunde,2023-03-07,16:00:00,17:00:00,AUD010,Inventory purchasing tests of control,Arundel School Trust
Munashe Mupfunde,2023-03-08,08:00:00,09:00:00,AUD037,Bank lead sheet,Arundel School Trust
Munashe Mupfunde,2023-03-08,09:00:00,10:00:00,AUD037,Bank lead sheet,Arundel School Trust
Munashe Mupfunde,2023-03-08,10:00:00,11:00:00,AUD001,Team meeting,Arundel School Trust
Munashe Mupfunde,2023-03-08,11:00:00,12:00:00,AUD001,Team meeting,Arundel School Trust
Munashe Mupfunde,2023-03-08,12:00:00,13:00:00,AUD001,Meeting with client,Arundel School Trust
Munashe Mupfunde,2023-03-08,13:00:00,14:00:00,OFF005,Lunch,Arundel School Trust
Munashe Mupfunde,2023-03-08,14:00:00,15:00:00,AUD017,Investments confirmations,Arundel School Trust
Munashe Mupfunde,2023-03-08,15:00:00,16:00:00,AUD024,Asset Verification,Arundel School Trust
Munashe Mupfunde,2023-03-08,16:00:00,17:00:00,AUD001,Meeting with client,Arundel School Trust
Munashe Mupfunde,2023-03-09,08:00:00,09:00:00,AUD010,Asset purchase test of controls,Arundel School Trust
Munashe Mupfunde,2023-03-09,09:00:00,10:00:00,AUD021,Inventory valuation,Arundel School Trust
Munashe Mupfunde,2023-03-09,10:00:00,11:00:00,AUD021,Inventory valuation,Arundel School Trust
Munashe Mupfunde,2023-03-09,11:00:00,12:00:00,AUD021,Inventory valuation,Arundel School Trust
Munashe Mupfunde,2023-03-09,12:00:00,13:00:00,AUD001,Team meeting,Arundel School Trust
Munashe Mupfunde,2023-03-09,13:00:00,14:00:00,OFF005,Lunch,Arundel School Trust
Munashe Mupfunde,2023-03-09,14:00:00,15:00:00,ACC006,Caseware,Arundel School Trust
Munashe Mupfunde,2023-03-09,15:00:00,16:00:00,ACC006,Caseware,Arundel School Trust
Munashe Mupfunde,2023-03-09,16:00:00,17:00:00,ACC006,Caseware,Arundel School Trust
Munashe Mupfunde,2023-03-10,08:00:00,09:00:00,AUD010,Petty cash test of control,Arundel School Trust
Munashe Mupfunde,2023-03-10,09:00:00,10:00:00,AUD010,Petty cash test of control,Arundel School Trust
Munashe Mupfunde,2023-03-10,10:00:00,11:00:00,AUD001,Team meeting,Arundel School Trust
Munashe Mupfunde,2023-03-10,11:00:00,12:00:00,AUD001,Team meeting,Arundel School Trust
Munashe Mupfunde,2023-03-10,12:00:00,13:00:00,AUD001,Meeting with client,Arundel School Trust
Munashe Mupfunde,2023-03-10,13:00:00,14:00:00,OFF005,Lunch,Arundel School Trust
Munashe Mupfunde,2023-03-10,14:00:00,15:00:00,ACC006,Caseware,Arundel School Trust
Munashe Mupfunde,2023-03-10,15:00:00,16:00:00,ACC006,Caseware,Arundel School Trust
Munashe Mupfunde,2023-03-10,16:00:00,17:00:00,ACC006,Caseware,Arundel School Trust
