Accounting,ACC001,Preparation Of Financial Statements
Accounting,ACC002,Tax Computation
Accounting,ACC003,Capturing of Transactions
Accounting,ACC004,Preparation of Management Accounts
Accounting,ACC005,Submission of Returns
Accounting,ACC006,Others - Specify
External Audit,AUD001,Audit planning meeting
External Audit,AUD002,Audit budgeting
External Audit,AUD003,Audit strategy document
External Audit,AUD004,Audit planning memorandum
External Audit,AUD005,Risk assessment
External Audit,AUD006,Trial balance
External Audit,AUD007,Revenue Or Income
External Audit,AUD008,Other income
External Audit,AUD009,Administration expenditure
External Audit,AUD010,Test of controls
External Audit,AUD011,Payroll expenditure
External Audit,AUD012,Financing income Or costs
External Audit,AUD013,Equity and reserves
External Audit,AUD014,Compliance with Laws and Regulations
External Audit,AUD015,Review of Board or managaement minutes
External Audit,AUD016,Related party transactions and balances
External Audit,AUD017,Investments - Short and long term
External Audit,AUD018,Inventory receipting
External Audit,AUD019,Inventory issuing
External Audit,AUD020,Observation of stock counts
External Audit,AUD021,Inventory valuation
External Audit,AUD022,Inventory writedowns
External Audit,AUD023,Property Plant and Equipment reconciliation
External Audit,AUD024,Physical verification of assets
External Audit,AUD025,Additions of equipment
External Audit,AUD026,Disposal of equipment
External Audit,AUD027,Depreciation recomputation and assessment
External Audit,AUD028,Impairment assessment
External Audit,AUD029,Revaluation of equipment
External Audit,AUD030,Ownership verification
External Audit,AUD031,PPE Other procedures
External Audit,AUD032,Trade receivables
External Audit,AUD033,Prepayments
External Audit,AUD034,Staff debtors
External Audit,AUD035,Other debtors
External Audit,AUD036,Allowance for credit losses
External Audit,AUD037,Bank reconciliations
External Audit,AUD038,Bank confirmations
External Audit,AUD039,Cash reconciliations and certificates
External Audit,AUD040,Cash counting
External Audit,AUD041,Trade payables
External Audit,AUD042,Accruals
External Audit,AUD043,Leave pay provisions
External Audit,AUD044,Accruals search
External Audit,AUD045,Other provisions
External Audit,AUD046,Taxes - current and deferred
External Audit,AUD047,Contigent assets
External Audit,AUD048,Contigent liabilities
External Audit,AUD049,Going concern assessment
External Audit,AUD050,Subsequent events review
External Audit,AUD051,Reporting - Audit report
External Audit,AUD052,Reporting - Management report
External Audit,AUD053,Reporting - Audit Highlights Memorandum
External Audit,AUD054,Exit Meetings
External Audit,AUD055,Confirmations (specify)
External Audit,AUD056,Casting and cross casting
External Audit,AUD057,Review of audit work
Advisory,ADV001,Client Walkthroughs
Advisory,ADV002,Review of Historical Financials
Advisory,ADV003,Business Improvement Analysis
Advisory,ADV004,Preparation of Forecasts
Advisory,ADV005,Preparation of Valuation Model
Advisory,ADV006,Preparation of Information Memorandum Or Business Plan Or Teaser
Advisory,ADV007,Business Improvement Or Strategy Implementation
Advisory,ADV008,Specific Scope Due Diligence Reveiws
Advisory,ADV009,Fundraising Activities
Advisory,ADV010,Transaction Integration
Advisory,ADV011,Project Management and Consultancy
Advisory,ADV012,Tax Advisory
Corporate Rescue and Restructuring,CRR001,Court Processes
Corporate Rescue and Restructuring,CRR002,Creditors Meetings
Corporate Rescue and Restructuring,CRR003,Company Oversight and Shareholders Meetings
Corporate Rescue and Restructuring,CRR005,Preparation of Liquidation and Distributions Accounts
FORENSICS,FOR001,Forensic Audit Engagement Letter
FORENSICS,FOR002,Forensic Audit planning
FORENSICS,FOR003,Identifying nature of suspicion
FORENSICS,FOR004,Identifying type of fraud
FORENSICS,FOR005,Determining type of the fraud
FORENSICS,FOR006,Determining the extent of the fraud
FORENSICS,FOR007,Discovering how the fraud was concealed
FORENSICS,FOR008,Identifying the perpetrators of the fraud
FORENSICS,FOR009,Risk assessment (Forensic)
FORENSICS,FOR010,Test of controls (Forensic)
FORENSICS,FOR011,Collecting evidence
FORENSICS,FOR012,Securing evidence
FORENSICS,FOR013,Data analysis
FORENSICS,FOR014,Document analysis
FORENSICS,FOR015,Computer forensics
FORENSICS,FOR016,Verification and follow-up
FORENSICS,FOR017,Cash and Bank reconciliations
FORENSICS,FOR018,Discussions and interviews with employees
FORENSICS,FOR019,Review of documentation and records
FORENSICS,FOR020,Interviews with suspects
FORENSICS,FOR021,Ownership verification (Forensic)
FORENSICS,FOR022,Asset recovery
FORENSICS,FOR023,Reporting - Forensic Audit report
FORENSICS,FOR024,Exit Meetings (Forensic)
FORENSICS,FOR025,Review of Forensic Audit work
FORENSICS,FOR026,Police liaison
FORENSICS,FOR027,Litigation support
FORENSICS,FOR028,Attending Court
FORENSICS,FOR029,Fraud Or Forensic Audit awareness training
FORENSICS,FOR030,Other - specify (Forensic)
Generic,GEN001,Client Meetings
Generic,GEN002,Review of Working Papers and Reports
Generic,GEN003,Preparation of Reports
Generic,GEN004,Quality Assurance Review
Non-chargeable,OFF001,Office Administration
Non-chargeable,OFF002,Staff Appraisals
Non-chargeable,OFF003,Timesheets
Non-chargeable,OFF004,Internal Meetings
Non-chargeable,OFF005,Other - Specify (Non-chargeable)
Non-chargeable,OFF006,Engagement Acceptance
Non-chargeable,OFF007,Development And Training
Non-chargeable,OFF008,Annual Leave
Non-chargeable,OFF009,Study Leave
Non-chargeable,OFF010,Sick Leave
Non-chargeable,OFF011,Other Time Off Allowed (Specify)
Non-chargeable,OFF012,Marketing
Non-chargeable,OFF013,Peer Reviews
Non-chargeable,OFF014,Crowe Global