1,AFM Church,Church,Felix Nyabadza,Treasurer,felixnyabadza@gmail.com,263772869833,Albert Tirivangani,Oliver Mtasa,James Chigome, 500.00 
2,Amalgamated Preservation Pension Fund,Pension Fund,Mr Chidzoga,Accounting Supervisor,,,Jabulani Mavhimba,Albert Tirivangani,Tanyaradzwa Chikuhwa," 2,500.00 "
3,American Friends Service ,,,Finace Manager,NNkomo@afsc.org,,Albert Tirivangani,Oliver Mtasa,James Chigome," 4,547.00 "
4,Ancient City Lodge,Tourism,Steve Manyangadze,Manager,stevemanyangadze@gmail.com,263772961759,Albert Tirivangani,Zondi Kumwenda,James Chigome," 2,500.00 "
5,Arundel School,Education,Mrs K Ncube,Finance and Admin Manager,finance@arundel.ac.zw,0772348674,Albert Tirivangani,Oliver Mtasa,James Chigome," 7,170.00 "
6,Aspect Mining (Private) Limited,Mining services,Bianca Mukumbira,Finance Manager,mukumbirab@originaltechnology.co.zw,0777234584,Albert Tirivangani,Oliver Mtasa,James Chigome," 2,500.00 "
7,Bera Masamba Legal Practitioners,Legal,Tangisai,Accounting Supervisor,tangisai@beramasamba.com,0773130517,Albert Tirivangani,-,James Chigome," 2,500.00 "
8,Bindura Urban Community Support Trust,NGO,Georgina,Accountant,-,0778037247,Albert Tirivangani,-,James Chigome, 350.00 
9,Brian Justice Enterprises,Fuel,Mr Jembere,Managing Director,jembereb@brianjustice.co.zw,0772402424,Zondi Kumwenda,Oliver Mtasa,James Chigome," 10,000.00 "
10,Civil Aviation Authority of Zimbabwe Pension Fund,Pension Fund,Mr. Tawanda Tambaoga,Accounting Supervisor,tawanda.tambaoga@minerva.co.zw,0772511039,Jabulani Mavhimba,Zondi Kumwenda,Tanyaradzwa Chikuhwa," 3,150.00 "
11,Council of Estate Administrators,Association,Ms Sithole,CEO,councilofestateadministrators@ceaip.co.zw,0242 791025,Albert Tirivangani,Oliver Mtasa,James Chigome," 2,500.00 "
12,Epworth Local Board,Parastatal,Dr Mhanda,Town Secretary,-,0772 516949,Oliver Mtasa,Albert Tirivangani,James Chigome," 6,500.00 "
13,Gateway Construction (Private) Limited,Construction,Bianca Mukumbira,Finance Manager,mukumbirab@originaltechnology.co.zw,0777234584,Albert Tirivangani,Oliver Mtasa,James Chigome," 3,500.00 "
14,Girls High School,Education,Dr Mutsambiwa,Headmaster,bsmtsambiwa@gmail.com,0242706619,Zondi Kumwenda,Oliver Mtasa,Tinotenda Mberi," 1,800.00 "
15,Girls and Women Empowerment Network,NGO,Ms Sekemutema,Director,director@gwen.org.zw,0772691613,Albert Tirivangani,Oliver Mtasa,James Chigome, 962.00 
16,Grolee Mining,Pension Fund,Mr. Talent Madzima,General Manager,tmadzima@varichemlimited.com,0772520757,Jabulani Mavhimba,Zondi Kumwenda,Tanyaradzwa Chikuhwa," 2,390.00 "
17,Helium Blue Financial Services,Microfinance,Tapiwa Zvimba,Chief Accountant,tzvimba@heliumblue.com,263717903108,Albert Tirivangani,Oliver Mtasa,James Chigome," 5,000.00 "
18,Hope International,NGO,Glady Mujuru,Finance Manager,GMujuru@Hopeinternational.org,263719215841,Albert Tirivangani,Oliver Mtasa,Tinotenda Mberi," 3,876.00 "
19,Kasuru Investments,Mining,Mr Mutomba,Finance Manager,lmutomba@varichemlimited.com,0772423165,Jabulani Mavhimba,Zondi Kumwenda,James Chigome," 4,780.00 "
20,Lafrica Logistics,Energy,Tsungai,Director,tsungai@lafrica.co.za,+27728997066,Albert Tirivangani,Oliver Mtasa,James Chigome," 2,500.00 "
21,Livingstones School,Education,Sue,Administrator,livingstones@northside.co.zw,0772302928,Zondi Kumwenda,Jabulani Mavimba,Tinotenda Mberi," 2,000.00 "
22,Medical Laboratory And Clinical Scientists Council,Association,Ms Chigora,Registrar,chigoraam@gmail.com,0242303348,Albert Tirivangani,Zondi Kumwenda,Tinotenda Mberi," 5,500.00 "
23,Mega Pak Pension Fund,Pension Fund,Mr Sabvure,Product Accountant,TonderaiSa@oldmutual.co.zw,263773632183,Jabulani Mavhimba,Albert Tirivangani,Tanyaradzwa Chikuhwa," 3,100.00 "
24,National Generics,Medical,Mr Mutomba,Finance Manager,lmutomba@varichemlimited.com,0772423165,Jabulani Mavhimba,Zondi Kumwenda,James Chigome," 17,925.00 "
25,Northside Community Church,Church,Noliwe Mahlangu,Accountant,nzmnoliwe@gmail.com,0773832518,Zondi Kumwenda,Jabulani Mavimba,Tinotenda Mberi," 1,800.00 "
26,Nyika Kanengoni Legal Practictioners,Legal,Mr Nyika,Partner,-,0773 333971,Albert Tirivangani,-,James Chigome, 700.00 
27,OK Pension Fund,Pension Fund,Mr Sabvure,Product Accountant,TonderaiSa@oldmutual.co.zw,263773632183,Jabulani Mavhimba,Albert Tirivangani,Tanyaradzwa Chikuhwa," 4,000.00 "
28,Olivine Industries PF,Pension Fund,Ms. Michelle Mpondori,Employee Benefits Accounting Officer,MMpondori@firstmutual.co.zw,0779233809,Jabulani Mavhimba,Zondi Kumwenda,Tanyaradzwa Chikuhwa," 3,163.00 "
29,Original Technology (Private) Limited,Mining services,Bianca Mukumbira,Finance Manager,mukumbirab@originaltechnology.co.zw,0777234584,Albert Tirivangani,Oliver Mtasa,James Chigome," 4,000.00 "
30,Peace Security,Security,Mr Chakwenya,Finance Manager,achakwenyapeacesec@gmail.com,0773238866,Jabulani Mavhimba,Zondi Kumwenda,Ronald Zhomwa," 11,400.00 "
31,PG Pension Fund,Pension Fund,Mr Tambaoga,Accounting Supervisor,tawanda.tambaoga@minerva.co.zw,263772511039,Jabulani Mavhimba,Albert Tirivangani,Tanyaradzwa Chikuhwa," 3,000.00 "
32,Practical Action Malawi,NGO,Mr Marovanidze,Regional Director,Kudzai.Marovanidze@practicalaction.org.zw,263772868188,Oliver Mtasa,Albert Tirivangani,Tinotenda Mberi," 6,240.00 "
33,Practical Action Zimbabwe,NGO,Mr Marovanidze,Regional Director,Kudzai.Marovanidze@practicalaction.org.zw,263772868188,Oliver Mtasa,Albert Tirivangani,Tinotenda Mberi," 13,500.00 "
34,Prince Edward High School,Education,Dr Sora,Headmaster,head@africaonline.co.zw,0773217420,Albert Tirivangani,Oliver Mtasa,Tinotenda Mberi," 3,500.00 "
35,Prochem,Medical,Mr Mutomba,Finance Manager,lmutomba@varichemlimited.com,0772423165,Jabulani Mavhimba,Zondi Kumwenda,James Chigome," 9,560.00 "
36,REEWF Project Practical Action,NGO,Mr Marovanidze,Regional Director,Kudzai.Marovanidze@practicalaction.org.zw,263772868188,Albert Tirivangani,Oliver Mtasa,Tinotenda Mberi," 4,500.00 "
37,Salgro Trading,Mining,Mr. Talent Madzima,General Manager,tmadzima@varichemlimited.com,0772520757,Jabulani Mavhimba,Zondi Kumwenda,Tanyaradzwa Chikuhwa," 2,390.00 "
38,Sanctuary Insurance Company ,Insurance,Mr Pasimupindu,Finance Manager,ignatious@sanctuary.co.zw,263772943740,Oliver Mtasa,Albert Tirivangani,Tinotenda Mberi," 10,650.00 "
39,SCOPE,NGO,Linda Kabaira,Country Director,scopezimbabwe@gmail.com,0773252772,Albert Tirivangani,Oliver Mtasa,James Chigome," 1,145.00 "
40,Sightsavers Zimbabwe,NGO,Leticia Meke,Finance Officer,lmeke@sightsavers.org,263772386858,Albert Tirivangani,Oliver Mtasa,James Chigome," 8,529.67 "
41,Solgas,Energy,Adamson Chiwara,Accounts Executive Assistant ,adamson@solgasenergy.com,,Albert Tirivangani,Oliver Mtasa,James Chigome," 8,400.00 "
42,St George's College,Education,Mrs T Chiremba,Accountant,accountant@stgeorges.co.zw,0782300303,Albert Tirivangani,Oliver Mtasa,Tanyaradzwa Chikuhwa," 19,055.00 "
43,St Georges Pension Fund,Pension Fund,Mr Sabvure,Product Accountant,TonderaiSa@oldmutual.co.zw,263773632183,Jabulani Mavhimba,Albert Tirivangani,Tanyaradzwa Chikuhwa," 3,750.00 "
44,Stovewood Investments,Mining,Mr. Talent Madzima,General Manager,tmadzima@varichemlimited.com,0772520757,Jabulani Mavhimba,Zondi Kumwenda,Tanyaradzwa Chikuhwa," 4,780.00 "
45,Unified Councils Pension Fund,Pension Fund,Ms. Wimbainashe Kashiri,Head of Internal Audit,kashiriw@ucpf.co.zw,0771184547,Jabulani Mavhimba,Zondi Kumwenda,Tanyaradzwa Chikuhwa," 6,500.00 "
46,Varichem Limited,Medical,Mr Mutomba,Finance Manager,lmutomba@varichemlimited.com,0772423165,Jabulani Mavhimba,Zondi Kumwenda,James Chigome," 7,170.00 "
47,Varichem Limited Medical Fund,Medical Aid,Mr Mutomba,Finance Manager,lmutomba@varichemlimited.com,0772423166,Jabulani Mavhimba,Zondi Kumwenda,James Chigome," 4,600.00 "
48,Varichem Pharmaceiticals,Medical,Mr Mutomba,Finance Manager,lmutomba@varichemlimited.com,0772423165,Jabulani Mavhimba,Zondi Kumwenda,James Chigome," 23,900.00 "
49,Varichem Plastics,Manufacturing,Mr Mutomba,Finance Manager,lmutomba@varichemlimited.com,0772423165,Jabulani Mavhimba,Zondi Kumwenda,James Chigome," 5,975.00 "
50,Varifreight,Freight,Mr Mutomba,Finance Manager,lmutomba@varichemlimited.com,0772423165,Jabulani Mavhimba,Zondi Kumwenda,James Chigome," 2,390.00 "
51,World Wide Fund for Nature,NGO,Chiedza,Finance Manager,csazunza@wwf.org.zw,0785001323,Albert Tirivangani,Oliver Mtasa,Tinotenda Mberi," 4,600.00 "
52,Zimbabwe Association of Funeral Assurers,Association,Arthur Mukasi,Chairperson,amukasi@doves.co.zw,263716331116,Albert Tirivangani,Zondi Kumwenda,James Chigome," 2,500.00 "
53,Zimbabwe Smallholder Farmers Forum - Institution,NGO,Natsai Manenji,Finance Manager,natsai75@gmail.com,0782977045,Albert Tirivangani,Oliver Mtasa,James Chigome," 3,500.00 "
54,Zimbabwe Smallholder Farmers Forum - Projects,NGO,Natsai Manenji,Finance Manager,natsai75@gmail.com,0782977045,Albert Tirivangani,Oliver Mtasa,James Chigome," 2,500.00 "
55,Zambezi Watercourse Commission,NGO,Majohn Hambira,Finance Admin and Human Resources ,majohn@zambezicommission.org,26377795338,Albert Tirivangani,,Tinotenda Mberi," 4,500.00 "
