Farai Mangwende,2023-01-03,08:00:00,10:00:00,ADV011,Preparation of Quintessential NDA,Zunde Capital
Farai Mangwende,2023-01-03,10:00:00,17:00:00,ADV005,Update of Luxaflor Roses Financial Model ,Zunde Capital
Farai Mangwende,2023-01-04,08:00:00,10:00:00,ADV011,Preparation of Crowe-CBZ NDA,Zunde Capital
Farai Mangwende,2023-01-04,10:00:00,17:00:00,ADV005,Update of Luxaflor Cannabis Financial Model ,Zunde Capital
Farai Mangwende,2023-01-05,08:00:00,17:00:00,OFF007,Development and Training - CFI BIDA,
Farai Mangwende,2023-01-06,08:00:00,17:00:00,GEN003,Preparation of Luxaflor Roses and Luxaflor Cannabis Investment Papers,Zunde Capital
Farai Mangwende,2023-01-09,08:00:00,09:00:00,GEN001,Preparation of Meeting Agenda for Zunde Capital,Zunde Capital
Farai Mangwende,2023-01-09,09:00:00,10:00:00,GEN003,Information Request and Invoicing for fees payment,ICZ
Farai Mangwende,2023-01-09,10:00:00,17:00:00,GEN003,Drafting of GAIC PPM,GAIC
Farai Mangwende,2023-01-10,08:00:00,10:00:00,GEN001,Zunde Meeting ,Zunde Capital
Farai Mangwende,2023-01-10,10:00:00,13:00:00,GEN003,Update of Luxaflor Roses and Luxaflor Cannabis Investment Papers,Zunde Capital
Farai Mangwende,2023-01-10,13:00:00,17:00:00,GEN003,Drafting of GAIC PPM,GAIC
Farai Mangwende,2023-01-11,08:00:00,17:00:00,GEN003,Update of Luxaflor Roses and Luxaflor Cannabis Investment Papers,Zunde Capital
Farai Mangwende,2023-01-12,08:00:00,10:00:00,GEN003,Update of Luxaflor Roses and Luxaflor Cannabis Investment Papers,Zunde Capital
Farai Mangwende,2023-01-12,10:00:00,11:00:00,OFF001,Preparation of Job Profile,
Farai Mangwende,2023-01-12,11:00:00,17:00:00,OFF007,Development and Training - CFI BIDA,
Farai Mangwende,2023-01-13,08:00:00,11:00:00,GEN003,Drafting of Bally Castle Information Memorandum,Bally Castle
Farai Mangwende,2023-01-13,11:00:00,15:00:00,GEN003,Drafting of GAIC PPM,GAIC
Farai Mangwende,2023-01-13,15:00:00,17:00:00,OFF007,Development and Training - CFI BIDA,
Farai Mangwende,2023-01-16,08:00:00,17:00:00,OFF007,Development and Training - CFI BIDA,
Farai Mangwende,2023-01-17,08:00:00,17:00:00,OFF007,Development and Training - CFI BIDA,
Farai Mangwende,2023-01-18,08:00:00,09:00:00,ACC006,Follow up on payments and invoicing,Hope International
Farai Mangwende,2023-01-18,09:00:00,10:00:00,ACC006,Follow up on Bank Accounts,GAIC
Farai Mangwende,2023-01-18,10:00:00,17:00:00,GEN003,Drafting of GAIC PPM,GAIC
Farai Mangwende,2023-01-19,08:00:00,17:00:00,OFF007,Development and Training - CFI BIDA,
Farai Mangwende,2023-01-20,08:00:00,17:00:00,GEN003,Review and update of GAIC PPM,GAIC
Farai Mangwende,2023-01-23,08:00:00,12:00:00,GEN002,Review of PPA agreements between GAIC and Gazoline,GAIC
Farai Mangwende,2023-01-23,12:00:00,17:00:00,OFF007,Development and Training - CFI BIDA,
Farai Mangwende,2023-01-24,08:00:00,17:00:00,GEN003,Bally Castle Information Memorandum,Bally Castle
Farai Mangwende,2023-01-25,08:00:00,10:00:00,GEN001,Zunde Meeting ,Zunde Capital
Farai Mangwende,2023-01-25,10:00:00,14:00:00,GEN003,Pitch Deck ,GAIC
Farai Mangwende,2023-01-25,14:00:00,17:00:00,GEN003,Draft Report for Futures Inc,Futures Inc
Farai Mangwende,2023-01-26,08:00:00,17:00:00,OFF007,Development and Training - CFI BIDA,
Farai Mangwende,2023-01-27,08:00:00,10:00:00,GEN003,Preparation of PPA discussion points ,GAIC
Farai Mangwende,2023-01-27,10:00:00,12:00:00,GEN001,GAIC meeting with Gazoline to discuss PPA Agreement,GAIC
Farai Mangwende,2023-01-27,12:00:00,17:00:00,OFF007,Development and Training - CFI BIDA,
Farai Mangwende,2023-01-30,08:00:00,09:00:00,OFF001,Office Administration,
Farai Mangwende,2023-01-30,09:00:00,10:00:00,GEN001,Radisson Blue Meeting,Bally Castle
Farai Mangwende,2023-01-30,10:00:00,11:00:00,OFF007,GAIC PPA discussion meeting,GAIC
Farai Mangwende,2023-01-30,11:00:00,17:00:00,GEN003,Review and update of GAIC PPM,GAIC
Farai Mangwende,2023-01-31,08:00:00,17:00:00,GEN001,Luxaflor Project Site Visit,Zunde Capital
Farai Mangwende,2023-02-01,08:00:00,11:00:00,GEN003,ICZ Report preparation,ICZ
Farai Mangwende,2023-02-01,11:00:00,13:00:00,GEN003,Dataroom for Radisson Blue Meeting,Bally Castle
Farai Mangwende,2023-02-01,13:00:00,17:00:00,OFF007,Development and Training - CFI BIDA,
Farai Mangwende,2023-02-02,08:00:00,09:00:00,ACC006,Preparation of Advisory levy declaration for Jan 2023,Zunde Capital
Farai Mangwende,2023-02-02,09:00:00,10:00:00,ACC006,Follow up on status of Harvest and Zunde Capital bank accounts,Zunde Capital
Farai Mangwende,2023-02-03,08:00:00,17:00:00,OFF007,Development and Training - CFI BIDA,
