Felistas Tirivamwe,2023-01-03,11:00:00,17:00:00,PRE001, Preparing financial statements and audit findings report ,World Wide Fund for Nature
Felistas Tirivamwe,2023-01-04,08:00:00,13:00:00,PRE001, Preparing financial statements and audit findings report ,World Wide Fund for Nature
Felistas Tirivamwe,2023-01-04,13:00:00,14:00:00,C001,Cash count,Helium Blue
Felistas Tirivamwe,2023-01-04,15:00:00,17:00:00,PRE001, Preparing financial statements and audit findings report ,World Wide Fund for Nature
Felistas Tirivamwe,2023-01-05,08:00:00,16:00:00,PRE001, Preparing financial statements and audit findings report ,World Wide Fund for Nature
Felistas Tirivamwe,2023-01-05,16:00:00,17:00:00,PL001, Audit requirement list preparing and attending do review notes. ,Varichem Limited Medical Fund
Felistas Tirivamwe,2023-01-06,08:00:00,10:00:00,PRE001, Preparing audit opinion and audit findings report ,World Wide Fund for Nature
Felistas Tirivamwe,2023-01-06,11:00:00,13:00:00,M001, Update meeting with WWF management on te drafts financial statements ,World Wide Fund for Nature
Felistas Tirivamwe,2023-01-06,14:00:00,15:00:00,OFF007, Adhock tasks -assisting in priniting financial statements ,Crowe Zimbabwe
Felistas Tirivamwe,2023-01-06,15:00:00,17:00:00,R001, Finalising on the review notes on audit and management reports for WWF ,World Wide Fund for Nature
Felistas Tirivamwe,2023-01-09,08:00:00,17:00:00,OFF009, Study in the training room ,Crowe Zimbabwe
Felistas Tirivamwe,2023-01-10,08:00:00,17:00:00,OFF009, Study in the training room ,Crowe Zimbabwe
Felistas Tirivamwe,2023-01-11,08:00:00,17:00:00,OFF009, Study in the training room ,Crowe Zimbabwe
Felistas Tirivamwe,2023-01-12,08:00:00,17:00:00,OFF009, Study in the training room ,Crowe Zimbabwe
Felistas Tirivamwe,2023-01-13,08:00:00,17:00:00,OFF009, Study in the training room ,Crowe Zimbabwe
Felistas Tirivamwe,2023-01-16,08:00:00,09:00:00,PL001, Planning meeting with the Engagement partner ,Girls and Women Empowerment Trust
Felistas Tirivamwe,2023-01-16,09:00:00,10:00:00,PL001, Travelling to Chitungwiza to where the client is based to do field work ,Girls and Women Empowerment Trust
Felistas Tirivamwe,2023-01-16,10:00:00,13:00:00,PL001, Meeting with the Gwen team and understanding of the Organisation. ,Girls and Women Empowerment Trust
Felistas Tirivamwe,2023-01-16,14:00:00,16:00:00,PL001, Risk assessment and understanding the Organisation ,Girls and Women Empowerment Trust
Felistas Tirivamwe,2023-01-16,16:00:00,17:00:00,PL001, Travelling from Chitungwiza to home as suggested by engagement partner we left at 4pm ,Girls and Women Empowerment Trust
Felistas Tirivamwe,2023-01-17,08:00:00,09:00:00,Bk001, Bank reconciliation test and bank balance working paper ,Girls and Women Empowerment Trust
Felistas Tirivamwe,2023-01-17,09:00:00,11:00:00,In001, Grant income audit and review of expenditure working papers ,Girls and Women Empowerment Trust
Felistas Tirivamwe,2023-01-17,11:00:00,13:00:00,R001, Drafting the audit report and the management report ,Girls and Women Empowerment Trust
Felistas Tirivamwe,2023-01-17,14:00:00,16:00:00,R001, Drafting the audit report and the management report ,Girls and Women Empowerment Trust
Felistas Tirivamwe,2023-01-17,16:00:00,17:00:00,PL001, Travelling to Chitungwiza to where the client is based to do field work ,Girls and Women Empowerment Trust
Felistas Tirivamwe,2023-01-18,08:00:00,13:00:00,R001, Drafting the template for the financial report by combining monthly financial reports ,Girls and Women Empowerment Trust
Felistas Tirivamwe,2023-01-18,14:00:00,16:00:00,R001, Consolidating monthly financial reports of five projects to make it one financial report ,Girls and Women Empowerment Trust
Felistas Tirivamwe,2023-01-18,16:00:00,17:00:00,PL001, Travelling from Chitungwiza to home as suggested by engagement partner we left at 4pm ,Girls and Women Empowerment Trust
Felistas Tirivamwe,2023-01-19,08:00:00,13:00:00,R001, Consolidating monthly financial reports of five projects to make it one financial report ,Girls and Women Empowerment Trust
Felistas Tirivamwe,2023-01-19,14:00:00,16:00:00,R001, Consolidating monthly financial reports of five projects to make it one financial report ,Girls and Women Empowerment Trust
Felistas Tirivamwe,2023-01-19,16:00:00,17:00:00,R001, Travelling to Chitungwiza to where the client is based to do field work ,Girls and Women Empowerment Trust
Felistas Tirivamwe,2023-01-20,08:00:00,09:00:00,L001, Summary of minutes and review of working papers ,Girls and Women Empowerment Trust
Felistas Tirivamwe,2023-01-20,09:00:00,13:00:00,R001, Consolidating monthly financial reports of five projects to make it one financial report ,Girls and Women Empowerment Trust
Felistas Tirivamwe,2023-01-20,14:00:00,16:00:00,R001, Consolidating monthly financial reports of five projects to make it one financial report ,Girls and Women Empowerment Trust
Felistas Tirivamwe,2023-01-20,16:00:00,17:00:00,PL001, Travelling to Chitungwiza to where the client is based to do field work ,Girls and Women Empowerment Trust
Felistas Tirivamwe,2023-01-23,08:00:00,13:00:00,R001, Financial reports preparing cashflows and statement of financial position ,Girls and Women Empowerment Trust
Felistas Tirivamwe,2023-01-23,14:00:00,17:00:00,R001, Financial reports preparing cashflows and statement of financial position ,Girls and Women Empowerment Trust
Felistas Tirivamwe,2023-01-24,08:00:00,13:00:00,R001, Financial reports preparing cashflows and statement of financial position ,Girls and Women Empowerment Trust
Felistas Tirivamwe,2023-01-24,14:00:00,17:00:00,R001, Financial reports preparing cashflows and statement of financial position ,Girls and Women Empowerment Trust
Felistas Tirivamwe,2023-01-25,08:00:00,13:00:00,R001, Financial reports preparing cashflows and statement of financial position ,Girls and Women Empowerment Trust
Felistas Tirivamwe,2023-01-25,14:00:00,17:00:00,R001, Financial reports preparing cashflows and statement of financial position ,Girls and Women Empowerment Trust
Felistas Tirivamwe,2023-01-26,08:00:00,13:00:00,R001, Financial reports preparing cashflows and statement of financial position ,Girls and Women Empowerment Trust
Felistas Tirivamwe,2023-01-26,14:00:00,17:00:00,R001, Financial reports preparing cashflows and statement of financial position ,Girls and Women Empowerment Trust
Felistas Tirivamwe,2023-01-27,08:00:00,12:00:00,R001, Financial reports preparing cashflows and statement of financial position ,Girls and Women Empowerment Trust
Felistas Tirivamwe,2023-01-27,12:00:00,13:00:00,OFF007, Preparing National Blood Service tender ,Crowe Zimbabwe
Felistas Tirivamwe,2023-01-27,14:00:00,17:00:00,OFF007, Feasability study training ,Crowe Zimbabwe
Felistas Tirivamwe,2023-01-30,08:00:00,13:00:00,R001, Finalising on the financial statements and submitting to client on audit. ,Girls and Women Empowerment Trust
Felistas Tirivamwe,2023-01-30,14:00:00,16:00:00,R001, Finalising on the financial statements and submitting to client on audit. ,Girls and Women Empowerment Trust
Felistas Tirivamwe,2023-01-30,16:00:00,17:00:00,OFF007, Printing on gloss for World Wide Fund for Nature reports ,World Wide Fund for Nature
Felistas Tirivamwe,2023-01-31,08:00:00,16:00:00,OFF009, February study leave for my supplementary exam ,Crowe Zimbabwe
Felistas Tirivamwe,2023-02-01,08:00:00,16:00:00,OFF009, February study leave for my supplementary exam ,Crowe Zimbabwe
Felistas Tirivamwe,2023-02-02,08:00:00,16:00:00,OFF009, February study leave for my supplementary exam ,Crowe Zimbabwe
Felistas Tirivamwe,2023-02-03,08:00:00,10:00:00,OFF009, Timesheets for the past week and adhock tasks by assisting my seniors on reports ,Crowe Zimbabwe
Felistas Tirivamwe,2023-02-03,10:00:00,11:00:00,Ex001, Exit meeting on teams with the team from Gwen  ,Girls and Women Empowerment Trust
Felistas Tirivamwe,2023-02-03,11:00:00,13:00:00,R001, Presentation of the financial statements in a good format and sending to client. ,Girls and Women Empowerment Trust
Felistas Tirivamwe,2023-02-03,14:00:00,17:00:00,OFF007, Training on the pension fund act ,Crowe Zimbabwe
Felistas Tirivamwe,2023-02-06,08:00:00,16:00:00,OFF009, February study leave for my supplementary exam ,Crowe Zimbabwe
Felistas Tirivamwe,2023-02-07,08:00:00,16:00:00,OFF009, February study leave for my supplementary exam ,Crowe Zimbabwe
Felistas Tirivamwe,2023-02-08,08:00:00,16:00:00,OFF009, February study leave for my supplementary exam ,Crowe Zimbabwe
Felistas Tirivamwe,2023-02-09,08:00:00,16:00:00,OFF009, February study leave for my supplementary exam ,Crowe Zimbabwe
Felistas Tirivamwe,2023-02-10,08:00:00,16:30:00,OFF007, Team building session at Cresta Lodge ,Crowe Zimbabwe
Felistas Tirivamwe,2023-02-13,08:00:00,10:00:00,PL001, Audit planning memorandum and audit time budget ,Mega Pak Pension Fund
Felistas Tirivamwe,2023-02-13,10:00:00,13:00:00,PL001, Understanding the Pension Fund and allocation of work ,Mega Pak Pension Fund
Felistas Tirivamwe,2023-02-13,14:00:00,17:00:00,PL001, Planning meeting with my senior and assisting my assistant on sections he needed help ,St George Pension Fund
Felistas Tirivamwe,2023-02-14,08:00:00,13:00:00,Ex001, Vouching of expenditure that is deathretirement and withdrawal payments ,Mega Pak Pension Fund
Felistas Tirivamwe,2023-02-14,14:00:00,17:00:00,Ex001, Vouching of expenditure that is deathretirement and withdrawal payments ,Mega Pak Pension Fund
Felistas Tirivamwe,2023-02-14,08:00:00,13:00:00,In001, Auditing of investments balances and assisting my assistant where he needed help ,Mega Pak Pension Fund
Felistas Tirivamwe,2023-02-14,14:00:00,17:00:00,C001, Preparing salary bills investment balances working papers and making follow -ups to the client ,Mega Pak Pension Fund
Felistas Tirivamwe,2023-02-15,08:00:00,10:00:00,PL001, Understanding the Pension Fund and allocation of work ,OK Zimbabwe Pension Fund
Felistas Tirivamwe,2023-02-15,11:00:00,13:00:00,In001, Assisting my assistants on sections where they needed help on. ,St George Pension Fund
Felistas Tirivamwe,2023-02-15,14:00:00,17:00:00,In001, Assisting my assistants on sections where they needed help on. ,Mega Pak Pension Fund
Felistas Tirivamwe,2023-02-16,08:00:00,13:00:00,Rw001, Reviewing Mega Pak Pension Fund working papers ,Mega Pak Pension Fund
Felistas Tirivamwe,2023-02-16,14:00:00,17:00:00,Rw001, Reviewing Mega Pak Pension Fund working papers ,St George Pension Fund
Felistas Tirivamwe,2023-02-17,08:00:00,13:00:00,OFF007, Printing on gloss for Gwen reports at Brandace Company ,Girls and Women Empowerment Trust
Felistas Tirivamwe,2023-02-17,14:00:00,17:00:00,OFF007, Training on money laundering training ,Crowe Zimbabwe
Felistas Tirivamwe,2023-02-20,08:00:00,09:00:00,Re001, Review of income recalculations done by Allen. ,RSC Fund Pension Fund
Felistas Tirivamwe,2023-02-20,10:00:00,11:00:00,Re001, Recalculation of contributions and appreciation gain. ,OK Zimbabwe Pension Fund
Felistas Tirivamwe,2023-02-20,11:00:00,13:00:00,Ex001, Audit of benefits payments and reviewing the steelforce payments ,RSC Fund Pension Fund
Felistas Tirivamwe,2023-02-20,14:00:00,17:00:00,Ex001, Audit of benefits payments and reviewing the steelforce payments ,RSC Fund Pension Fund
Felistas Tirivamwe,2023-02-21,08:00:00,13:00:00,Ex001, Vouching of expenditure that is deathretirement and withdrawal payments ,OK Zimbabwe Pension Fund
Felistas Tirivamwe,2023-02-21,14:00:00,17:00:00,Ex001, Vouching of expenditure that is deathretirement and withdrawal payments ,OK Zimbabwe Pension Fund
Felistas Tirivamwe,2023-02-22,08:00:00,13:00:00,In001, Auditing of investments balances and follow up on the outstanding information ,OK Zimbabwe Pension Fund
Felistas Tirivamwe,2023-02-22,14:00:00,17:00:00,Re001, Recalculation of unrealised appreciation and enquire with the client ,OK Zimbabwe Pension Fund
Felistas Tirivamwe,2023-02-23,08:00:00,13:00:00,Rw001, Reviewing RSC Steelforce Pension Fund working papers ,RSC Fund Pension Fund
Felistas Tirivamwe,2023-02-23,14:00:00,17:00:00,In001, Assisting my assistants on sections where they needed help on. ,RSC Fund Pension Fund
Felistas Tirivamwe,2023-02-24,08:00:00,13:00:00,Rw001, Reviewing Mega Pak Pension Fund draft financial statements  ,Mega Pak Pension Fund
Felistas Tirivamwe,2023-02-24,14:00:00,17:00:00,OFF007, Culture and conduct training ,Crowe Zimbabwe
Felistas Tirivamwe,2023-02-27,08:00:00,13:00:00,Re001, Audit of income (contributionsrental incomeunrealised gainsvested bonuses) ,OK Zimbabwe Pension Fund
Felistas Tirivamwe,2023-02-27,14:00:00,17:00:00,Rw001, Review of the audit file and making follow ups on outstanding information. ,RSC Fund Pension Fund
Felistas Tirivamwe,2023-02-28,08:00:00,13:00:00,Rw001, Review of the audit file and making follow ups on outstanding information. ,RSC Fund Pension Fund
Felistas Tirivamwe,2023-02-28,14:00:00,17:00:00,Rw001, Review of St George audit file and draft financial statements ,St George Pension Fund
Felistas Tirivamwe,2023-03-01,08:00:00,10:00:00,Re001, Meeting with the client as we calculated appreciation gains together ,Mega Pak Pension Fund
Felistas Tirivamwe,2023-03-01,11:00:00,13:00:00,Re001, Review of profit on sale of investment and compling a list of all the adjustments and enquire  ,Mega Pak Pension Fund
Felistas Tirivamwe,2023-03-01,14:00:00,17:00:00,Re001, Review of OK Zimbabwe audit file and draft financial statements ,OK Zimbabwe Pension Fund
Felistas Tirivamwe,2023-03-02,08:00:00,13:00:00,Re001, Review of OK Zimbabwe draft financial statements ,OK Zimbabwe Pension Fund
Felistas Tirivamwe,2023-03-02,14:00:00,17:00:00,Re001, Review of OK Zimbabwe draft financial statements ,OK Zimbabwe Pension Fund
Felistas Tirivamwe,2023-03-03,08:00:00,13:00:00,Re001, Noting down all the adjustments required for OK Zimbabwe and sending to the client ,OK Zimbabwe Pension Fund
Felistas Tirivamwe,2023-03-03,14:00:00,17:00:00,OFF007, Training on audit preparedness ,Crowe Zimbabwe
Felistas Tirivamwe,2023-03-06,08:00:00,08:45:00,PL001, Planning transport logistics to travel from the office to client ,Northside Community Church
Felistas Tirivamwe,2023-03-06,08:45:00,09:00:00,PL001, Planning meeting with the client  ,Northside Community Church
Felistas Tirivamwe,2023-03-06,09:00:00,13:00:00,PL001, Planning for the audit by preparing time budgetsplanning memo and invoice ,Northside Community Church
Felistas Tirivamwe,2023-03-06,14:00:00,17:00:00,PL001, Understanding the Church operations and assigning allocation of work. ,Northside Community Church
Felistas Tirivamwe,2023-03-07,08:00:00,13:00:00,Re001, Income understanding and also checking for supporting documentation ,Northside Community Church
Felistas Tirivamwe,2023-03-07,14:00:00,17:00:00,L001, Nssa and Paye remmitance test and recalculation of the paye and nssa payables ,Northside Community Church
Felistas Tirivamwe,2023-03-08,08:00:00,12:00:00,Ex001, Audit of the payroll  ,Northside Community Church
Felistas Tirivamwe,2023-03-08,12:00:00,13:00:00, OFF001 , tasks on the NGO sector ,Northside Community Church
Felistas Tirivamwe,2023-03-08,14:00:00,14:30:00,P001, Leave pay provision recalculation ,Northside Community Church
Felistas Tirivamwe,2023-03-08,14:30:00,15:00:00, Acc001 , Audit of receivables by documenting the process and sending out debtors confirmation letters ,Northside Community Church
Felistas Tirivamwe,2023-03-08,15:00:00,17:00:00,Re001, Finishing up on the income that I had failed to find supporting with the help of the client ,Northside Community Church
Felistas Tirivamwe,2023-03-09,08:00:00,09:00:00,Ex001, Finishing on issues that were not clear on the audit of the payroll  ,Northside Community Church
Felistas Tirivamwe,2023-03-09,09:30:00,10:00:00,Re001, Reviewing of the expenditure done and assets working paper ,Northside Community Church
Felistas Tirivamwe,2023-03-09,10:00:00,10:30:00,Adj001, Recalculation on adjustments noted on audited sections and sending to client ,Northside Community Church
Felistas Tirivamwe,2023-03-09,10:30:00,13:00:00,R001, Drafting of the management report and review of prior year recommendations ,Northside Community Church
Felistas Tirivamwe,2023-03-09,14:00:00,17:00:00,R001, Drafting of the management report and review of prior year recommendations ,Northside Community Church
Felistas Tirivamwe,2023-03-10,08:00:00,12:00:00,R001, Finishing up drafting of the management report and discusing them with the client. ,Northside Community Church
Felistas Tirivamwe,2023-03-10,12:00:00,12:30:00,Ex001, Finishing up on the expenditure ledgers that were not vouched ,Northside Community Church
Felistas Tirivamwe,2023-03-10,12:30:00,13:00:00,B001, Petty cash roll back with the help of the client ,Northside Community Church
Felistas Tirivamwe,2023-03-10,14:00:00,17:00:00,OFF007,Training on audit preparedness,Northside Community Church
Felistas Tirivamwe,2023-03-11,08:00:00,17:00:00,R001, Finalisation of Pension Fund -OK Zimbabwe drafts financial statements review ,OK Zimbabwe Pension Fund
Felistas Tirivamwe,2023-03-13,08:00:00,08:30:00,PL001, Planning transport logistics to travel from the office to client ,ZIMSOFF
Felistas Tirivamwe,2023-03-13,08:30:00,09:00:00,PL001, Audit meeting with the client and the audit team ,ZIMSOFF
Felistas Tirivamwe,2023-03-13,09:00:00,09:30:00,PL001, Team discussion and work allocation ,ZIMSOFF
Felistas Tirivamwe,2023-03-13,09:30:00,13:00:00,PL001, Reviewing the planning memomapping trial balance and sampling in case ware ,ZIMSOFF
Felistas Tirivamwe,2023-03-13,14:00:00,15:00:00,PL001, Reviewing the planning memomapping trial balance and sampling in case ware ,ZIMSOFF
Felistas Tirivamwe,2023-03-13,15:00:00,15:30:00,PL001, Audit planning meeting with the Engagement partner ,ZIMSOFF
Felistas Tirivamwe,2023-03-13,15:30:00,17:00:00,PL001, Case ware planning and understanding the client procedures ,ZIMSOFF
Felistas Tirivamwe,2023-03-14,08:00:00,08:30:00,PL001, Planning transport logistics to travel from the office to client ,ZIMSOFF
Felistas Tirivamwe,2023-03-14,08:30:00,09:00:00, OFF001 ,Sending out NGO workshop registration link to big NGOs,ZIMSOFF
Felistas Tirivamwe,2023-03-14,09:00:00,09:30:00,PL001, Team discussion on issues noted ,ZIMSOFF
Felistas Tirivamwe,2023-03-14,09:30:00,13:00:00,PL001, Planning procedures in case ware and preparing the respective working papers ,ZIMSOFF
Felistas Tirivamwe,2023-03-14,14:00:00,17:00:00,PL001, Planning procedures in case ware and preparing the respective working papers ,ZIMSOFF
Felistas Tirivamwe,2023-03-15,08:00:00,08:30:00,PL001, Planning transport logistics to travel from the office to client ,ZIMSOFF
Felistas Tirivamwe,2023-03-15,08:30:00,13:00:00,B001,Cash and cash equivalents and accounts receivables in case ware,ZIMSOFF
Felistas Tirivamwe,2023-03-15,14:00:00,14:30:00,Rw001,Review of donor confirmation letters and sending them to the client,ZIMSOFF
Felistas Tirivamwe,2023-03-15,14:30:00,16:30:00,Re001,Assisting my assistant on doing revenue section and also reviewing the working papers,ZIMSOFF
Felistas Tirivamwe,2023-03-15,16:30:00,17:00:00,PL001, Team discussion on issues noted ,ZIMSOFF
Felistas Tirivamwe,2023-03-16,08:00:00,08:30:00,PL001, Planning transport logistics to travel from the office to client ,ZIMSOFF
Felistas Tirivamwe,2023-03-16,08:30:00,09:00:00, OFF001 ,Preparing  NGO workshop sponsorship letters ,ZIMSOFF
Felistas Tirivamwe,2023-03-16,09:00:00,13:00:00,Acc001,Accounts payable and prepayments procedures in case ware,ZIMSOFF
Felistas Tirivamwe,2023-03-16,14:00:00,16:30:00,Acc001,Assisting my assistant on doing lawsregulation sections and payables section and reviewing,ZIMSOFF
Felistas Tirivamwe,2023-03-16,16:30:00,17:00:00,PL001, Team discussion on issues noted ,ZIMSOFF
Felistas Tirivamwe,2023-03-17,08:00:00,08:30:00,PL001, Planning transport logistics to travel from the office to client ,ZIMSOFF
Felistas Tirivamwe,2023-03-17,08:30:00,12:30:00,Acc001,Assisting my assistant on doing staff debtor section and team discussion on MLPs noted,ZIMSOFF
Felistas Tirivamwe,2023-03-17,12:30:00,13:00:00,GEN001, Discusing with the client on all issues noted during the audit. ,ZIMSOFF
Felistas Tirivamwe,2023-03-17,14:00:00,16:30:00,OFF007,Training on scam alert,Crowe Zimbabwe
Felistas Tirivamwe,2023-03-17,16:30:00,17:00:00,OFF007,Audit braai and networking,Crowe Zimbabwe

