Kudakwashe Kumwenda,2023-02-20,08:00:00,09:00:00,AUD001,Audit Plan Meeting,WWF
Kudakwashe Kumwenda,2023-02-20,09:00:00,11:00:00,AUD032,Income,WWF
Kudakwashe Kumwenda,2023-02-20,11:00:00,16:00:00,AUD032,Income,WWF
Kudakwashe Kumwenda,2023-02-21,08:00:00,16:00:00,OFF005,National holiday,
Kudakwashe Kumwenda,2023-02-22,08:00:00,13:00:00,AUD011,Payroll,WWF
Kudakwashe Kumwenda,2023-02-22,14:00:00,17:00:00,AUD010,Test Of Controls,WWF
Kudakwashe Kumwenda,2023-02-23,08:00:00,16:00:00,AUD041, Expenditure Analytical review,WWF
Kudakwashe Kumwenda,2023-02-24,08:00:00,13:00:00,AUD041, Expenditure Analytical review,WWF
Kudakwashe Kumwenda,2023-02-24,14:00:00,17:00:00,OFF007,Training,
