Tendai Karenga,2023-03-09,08:00:00,17:00:00,OFF005,Induction,Crowe Zimbabwe
Tendai Karenga,2023-03-10,08:00:00,17:00:00,OFF005,Induction,Crowe Zimbabwe
Tendai Karenga,2023-03-11,08:00:00,17:00:00,OFF005,Office Administration,Crowe Zimbabwe
Tendai Karenga,2023-03-12,08:00:00,17:00:00,OFF005,Office Administration,Crowe Zimbabwe
Tendai Karenga,2023-03-13,08:00:00,17:00:00,OFF005,Office Administration,Crowe Zimbabwe
Tendai Karenga,2023-03-14,08:00:00,17:00:00,OFF005,Office Administration,Crowe Zimbabwe
Tendai Karenga,2023-03-15,08:00:00,17:00:00,OFF005,Office Administration,Crowe Zimbabwe
Tendai Karenga,2023-03-16,08:00:00,17:00:00,OFF005,Office Administration,Crowe Zimbabwe
Tendai Karenga,2023-03-17,08:00:00,17:00:00,OFF005,Office Administration,Crowe Zimbabwe
Tendai Karenga,2023-03-18,08:00:00,17:00:00,OFF005,Office Administration,Crowe Zimbabwe
Tendai Karenga,2023-03-19,08:00:00,17:00:00,OFF005,Office Administration,Crowe Zimbabwe
Tendai Karenga,2023-03-20,08:00:00,17:00:00,OFF005,Office Administration,Crowe Zimbabwe
Tendai Karenga,2023-03-21,08:00:00,17:00:00,OFF005,Office Administration,Crowe Zimbabwe
Tendai Karenga,2023-03-22,08:00:00,17:00:00,OFF005,Office Administration,Crowe Zimbabwe
Kudakwashe Chirwa,2023-01-02,07:00:00,10:30:00,OFF001,Office Administration,Crowe Zimbabwe
Kudakwashe Chirwa,2023-01-03,07:00:00,10:30:00,OFF001,Office Administration,Crowe Zimbabwe
Kudakwashe Chirwa,2023-01-04,07:00:00,10:30:00,OFF001,Office Administration,Crowe Zimbabwe
Kudakwashe Chirwa,2023-01-05,07:00:00,10:30:00,OFF001,Office Administration,Crowe Zimbabwe
Kudakwashe Chirwa,2023-01-06,07:00:00,10:30:00,OFF001,Office Administration,Crowe Zimbabwe
Kudakwashe Chirwa,2023-01-09,07:00:00,10:30:00,OFF001,Office Administration,Crowe Zimbabwe
Kudakwashe Chirwa,2023-01-10,07:00:00,10:30:00,OFF001,Office Administration,Crowe Zimbabwe
Kudakwashe Chirwa,2023-01-11,07:00:00,10:30:00,OFF001,Office Administration,Crowe Zimbabwe
Kudakwashe Chirwa,2023-01-12,07:00:00,10:30:00,OFF001,Office Administration,Crowe Zimbabwe
Kudakwashe Chirwa,2023-01-13,07:00:00,10:30:00,OFF001,Office Administration,Crowe Zimbabwe
Kudakwashe Chirwa,2023-01-16,07:00:00,10:30:00,OFF001,Office Administration,Crowe Zimbabwe
Kudakwashe Chirwa,2023-01-17,07:00:00,10:30:00,OFF001,Office Administration,Crowe Zimbabwe
Kudakwashe Chirwa,2023-01-18,07:00:00,10:30:00,OFF001,Office Administration,Crowe Zimbabwe
Kudakwashe Chirwa,2023-01-19,07:00:00,10:30:00,OFF001,Office Administration,Crowe Zimbabwe
Kudakwashe Chirwa,2023-01-20,07:00:00,10:30:00,OFF001,Office Administration,Crowe Zimbabwe
Kudakwashe Chirwa,2023-01-23,07:00:00,10:30:00,OFF001,Office Administration,Crowe Zimbabwe
Kudakwashe Chirwa,2023-01-24,07:00:00,10:30:00,OFF001,Office Administration,Crowe Zimbabwe
Kudakwashe Chirwa,2023-01-25,07:00:00,10:30:00,OFF001,Office Administration,Crowe Zimbabwe
Kudakwashe Chirwa,2023-01-26,07:00:00,10:30:00,OFF001,Office Administration,Crowe Zimbabwe
Kudakwashe Chirwa,2023-01-27,07:00:00,10:30:00,OFF001,Office Administration,Crowe Zimbabwe
Kudakwashe Chirwa,2023-01-30,07:00:00,10:30:00,OFF001,Office Administration,Crowe Zimbabwe
Kudakwashe Chirwa,2023-01-31,07:00:00,10:30:00,OFF001,Office Administration,Crowe Zimbabwe
Kudakwashe Chirwa,2023-02-01,07:00:00,10:30:00,OFF001,Office Administration,Crowe Zimbabwe
Kudakwashe Chirwa,2023-02-02,07:00:00,10:30:00,OFF001,Office Administration,Crowe Zimbabwe
Kudakwashe Chirwa,2023-02-03,07:00:00,10:30:00,OFF001,Office Administration,Crowe Zimbabwe
Kudakwashe Chirwa,2023-02-06,07:00:00,10:30:00,OFF001,Office Administration,Crowe Zimbabwe
Kudakwashe Chirwa,2023-02-07,07:00:00,10:30:00,OFF001,Office Administration,Crowe Zimbabwe
Kudakwashe Chirwa,2023-02-08,07:00:00,10:30:00,OFF001,Office Administration,Crowe Zimbabwe
Kudakwashe Chirwa,2023-02-09,07:00:00,10:30:00,OFF001,Office Administration,Crowe Zimbabwe
Kudakwashe Chirwa,2023-02-10,07:00:00,10:30:00,OFF001,Office Administration,Crowe Zimbabwe
Kudakwashe Chirwa,2023-02-13,07:00:00,10:30:00,OFF001,Office Administration,Crowe Zimbabwe
Kudakwashe Chirwa,2023-02-14,07:00:00,10:30:00,OFF001,Office Administration,Crowe Zimbabwe
Kudakwashe Chirwa,2023-02-15,07:00:00,10:30:00,OFF001,Office Administration,Crowe Zimbabwe
Kudakwashe Chirwa,2023-02-16,07:00:00,10:30:00,OFF001,Office Administration,Crowe Zimbabwe
Kudakwashe Chirwa,2023-02-17,07:00:00,10:30:00,OFF001,Office Administration,Crowe Zimbabwe
Kudakwashe Chirwa,2023-02-20,07:00:00,10:30:00,OFF001,Office Administration,Crowe Zimbabwe
Kudakwashe Chirwa,2023-02-21,07:00:00,10:30:00,OFF005,Public Holiday,Crowe Zimbabwe
Kudakwashe Chirwa,2023-02-22,07:00:00,10:30:00,OFF001,Office Administration,Crowe Zimbabwe
Kudakwashe Chirwa,2023-02-23,07:00:00,10:30:00,OFF001,Office Administration,Crowe Zimbabwe
Kudakwashe Chirwa,2023-02-24,07:00:00,10:30:00,OFF001,Office Administration,Crowe Zimbabwe
Kudakwashe Chirwa,2023-02-27,07:00:00,10:30:00,OFF001,Office Administration,Crowe Zimbabwe
Kudakwashe Chirwa,2023-02-28,07:00:00,10:30:00,OFF001,Office Administration,Crowe Zimbabwe
Kudakwashe Chirwa,2023-03-01,07:00:00,10:30:00,OFF001,Office Administration,Crowe Zimbabwe
Kudakwashe Chirwa,2023-03-02,07:00:00,10:30:00,OFF001,Office Administration,Crowe Zimbabwe
Kudakwashe Chirwa,2023-03-03,07:00:00,10:30:00,OFF001,Office Administration,Crowe Zimbabwe
Kudakwashe Chirwa,2023-03-06,07:00:00,10:30:00,OFF001,Office Administration,Crowe Zimbabwe
Kudakwashe Chirwa,2023-03-07,07:00:00,10:30:00,OFF001,Office Administration,Crowe Zimbabwe
Kudakwashe Chirwa,2023-03-08,07:00:00,10:30:00,OFF001,Office Administration,Crowe Zimbabwe
Kudakwashe Chirwa,2023-03-09,07:00:00,10:30:00,OFF001,Office Administration,Crowe Zimbabwe
Kudakwashe Chirwa,2023-03-10,07:00:00,10:30:00,OFF001,Office Administration,Crowe Zimbabwe
Kudakwashe Chirwa,2023-03-13,07:00:00,10:30:00,OFF001,Office Administration,Crowe Zimbabwe
Kudakwashe Chirwa,2023-03-14,07:00:00,10:30:00,OFF001,Office Administration,Crowe Zimbabwe
Kudakwashe Chirwa,2023-03-15,07:00:00,10:30:00,OFF001,Office Administration,Crowe Zimbabwe
Kudakwashe Chirwa,2023-03-16,07:00:00,10:30:00,OFF001,Office Administration,Crowe Zimbabwe
Kudakwashe Chirwa,2023-03-17,07:00:00,10:30:00,OFF001,Office Administration,Crowe Zimbabwe

